modelo,fecha,real,pred
Regresión Lineal (tendencia),2026-03-25,233.0,329.11910176090237
Regresión Lineal (tendencia),2026-03-26,355.0,317.13124229259296
Regresión Lineal (tendencia),2026-03-27,279.0,247.60373168341928
Regresión Lineal (tendencia),2026-03-28,235.0,172.90417563847436
Regresión Lineal (tendencia),2026-03-29,132.0,149.2973121303433
Regresión Lineal (tendencia),2026-03-30,410.0,194.57651901065978
Regresión Lineal (tendencia),2026-03-31,366.0,274.665039731757
Regresión Lineal (tendencia),2026-04-01,225.0,335.6754599352321
Regresión Lineal (tendencia),2026-04-02,1.0,323.29722607356075
Regresión Lineal (tendencia),2026-04-03,48.0,254.13336674936787
Regresión Lineal (tendencia),2026-04-04,138.0,180.3338815831092
Regresión Lineal (tendencia),2026-04-05,68.0,157.54146370916715
Regresión Lineal (tendencia),2026-04-06,285.0,202.99140768908057
Regresión Lineal (tendencia),2026-04-07,297.0,282.5330713372606
Regresión Lineal (tendencia),2026-04-08,317.0,322.1841725748598
Regresión Lineal (tendencia),2026-04-09,269.0,308.0293759654434
Regresión Lineal (tendencia),2026-04-10,345.0,238.92942647875822
Regresión Lineal (tendencia),2026-04-11,219.0,166.9334355106286
Regresión Lineal (tendencia),2026-04-12,51.0,146.27420828691646
Regresión Lineal (tendencia),2026-04-13,361.0,192.5298334390854
Regresión Lineal (tendencia),2026-04-14,304.0,270.8930617256913
Regresión Lineal (tendencia),2026-04-15,317.0,326.5275658711336
Regresión Lineal (tendencia),2026-04-16,331.0,312.30860618809515
Regresión Lineal (tendencia),2026-04-17,318.0,243.34429191902382
Regresión Lineal (tendencia),2026-04-18,269.0,171.62264818537977
Regresión Lineal (tendencia),2026-04-19,75.0,151.2105776628764
Regresión Lineal (tendencia),2026-04-20,260.0,197.54036861904794
Regresión Lineal (tendencia),2026-04-21,308.0,275.78885485083987
Regresión Lineal (tendencia),2026-04-22,293.0,330.68666400970375
Regresión Lineal (tendencia),2026-04-23,311.0,316.8489214411634
Regresión Lineal (tendencia),2026-04-24,341.0,248.10773360988242
Regresión Lineal (tendencia),2026-04-25,229.0,176.31713719357504
Regresión Lineal (tendencia),2026-04-26,47.0,155.6295995159312
Regresión Lineal (tendencia),2026-04-27,349.0,201.71808679181558
Regresión Lineal (tendencia),2026-04-28,350.0,279.973980911616
Regresión Lineal (tendencia),2026-04-29,306.0,335.3474049785837
Regresión Lineal (tendencia),2026-04-30,344.0,321.42087582086447
Regresión Lineal (tendencia),2026-05-01,32.0,252.69290799424158
Regresión Lineal (tendencia),2026-05-02,215.0,181.03823883871306
Regresión Lineal (tendencia),2026-05-03,33.0,160.5371849481137
Regresión Lineal (tendencia),2026-05-04,337.0,206.75203451635008
Regresión Lineal (tendencia),2026-05-05,319.0,285.00830019409017
Regresión Lineal (tendencia),2026-05-06,281.0,334.34768027032686
Regresión Lineal (tendencia),2026-05-07,343.0,319.2619283124973
Regresión Lineal (tendencia),2026-05-08,325.0,249.88281033107162
Regresión Lineal (tendencia),2026-05-09,236.0,178.57726587664368
Regresión Lineal (tendencia),2026-05-10,27.0,159.1646065176758
Regresión Lineal (tendencia),2026-05-11,318.0,206.38944833712196
Regresión Lineal (tendencia),2026-05-12,308.0,284.81868660350847
Regresión Lineal (tendencia),2026-05-13,373.0,337.27346776047466
Regresión Lineal (tendencia),2026-05-14,309.0,322.3764588877937
Regresión Lineal (tendencia),2026-05-15,285.0,253.0568350439991
Regresión Lineal (tendencia),2026-05-16,240.0,181.65457501098587
Regresión Lineal (tendencia),2026-05-17,9.0,162.07930987133457
Regresión Lineal (tendencia),2026-05-18,42.0,209.2152387923912
Regresión Lineal (tendencia),2026-05-19,249.0,287.71299061608187
Regresión Lineal (tendencia),2026-05-20,328.0,335.2383805163695
Regresión Lineal (tendencia),2026-05-21,323.0,321.14861393551257
Regresión Lineal (tendencia),2026-05-22,344.0,251.6360578898085
Regresión Lineal (tendencia),2026-05-23,305.0,179.18167896245563
Regresión Lineal (tendencia),2026-05-24,29.0,158.4831611794304
Regresión Lineal (tendencia),2026-05-25,330.0,205.26640114634165
Regresión Lineal (tendencia),2026-05-26,362.0,284.44355356876076
Regresión Lineal (tendencia),2026-05-27,245.0,340.81818566612725
Regresión Lineal (tendencia),2026-05-28,258.0,326.84802546278115
Regresión Lineal (tendencia),2026-05-29,272.0,257.3988782738448
Regresión Lineal (tendencia),2026-05-30,328.0,184.9266388593859
Regresión Lineal (tendencia),2026-05-31,49.0,164.16452703334033
Regresión Lineal (tendencia),2026-06-01,236.0,210.90781919667424
Regresión Lineal (tendencia),2026-06-02,302.0,290.1196452020207
Regresión Lineal (tendencia),2026-06-03,273.0,340.4360447149475
Regresión Lineal (tendencia),2026-06-04,310.0,326.8479552812514
Regresión Lineal (tendencia),2026-06-05,265.0,258.0130535335726
Regresión Lineal (tendencia),2026-06-06,231.0,185.92711276939878
Regresión Lineal (tendencia),2026-06-07,27.0,165.0347087728584
Regresión Lineal (tendencia),2026-06-08,42.0,211.23130495876333
Regresión Lineal (tendencia),2026-06-09,283.0,289.8936051925574
Regresión Lineal (tendencia),2026-06-10,278.0,337.346432627309
Regresión Lineal (tendencia),2026-06-11,335.0,324.4471422498972
Regresión Lineal (tendencia),2026-06-12,247.0,255.65286001777832
Regresión Lineal (tendencia),2026-06-13,286.0,182.9203928082751
Regresión Lineal (tendencia),2026-06-14,19.0,161.17289252403248
Regresión Lineal (tendencia),2026-06-15,35.0,206.94156387657492
Regresión Lineal (tendencia),2026-06-16,296.0,285.91729122909277
Regresión Lineal (tendencia),2026-06-17,293.0,335.4983616678603
Regresión Lineal (tendencia),2026-06-18,329.0,323.3742384832895
Regresión Lineal (tendencia),2026-06-19,268.0,254.6756179857253
Regresión Lineal (tendencia),2026-06-20,295.0,181.28371588955574
Regresión Lineal (tendencia),2026-06-21,54.0,158.6146928213691
Regresión Lineal (tendencia),2026-06-22,305.0,203.8901159696997
Regresión Lineal (tendencia),2026-06-23,352.0,283.1687283937797
Regresión Lineal (tendencia),2026-06-24,315.0,338.77365932441586
Regresión Lineal (tendencia),2026-06-25,374.0,326.590592523881
Regresión Lineal (tendencia),2026-06-26,262.0,257.978035724177
Regresión Lineal (tendencia),2026-06-27,276.0,184.76205685601843
Regresión Lineal (tendencia),2026-06-28,33.0,162.2355683632236
Regresión Lineal (tendencia),2026-06-29,32.0,207.52159541221
Regresión Lineal (tendencia),2026-06-30,309.0,286.67924764668123
Regresión Múltiple (OLS),2026-03-25,233.0,349.22171746732073
Regresión Múltiple (OLS),2026-03-26,355.0,332.68588348554385
Regresión Múltiple (OLS),2026-03-27,279.0,318.0218413743414
Regresión Múltiple (OLS),2026-03-28,235.0,238.2328192714476
Regresión Múltiple (OLS),2026-03-29,132.0,81.44870003206009
Regresión Múltiple (OLS),2026-03-30,410.0,322.2647871443743
Regresión Múltiple (OLS),2026-03-31,366.0,328.31858607857794
Regresión Múltiple (OLS),2026-04-01,225.0,267.90173417571043
Regresión Múltiple (OLS),2026-04-02,1.0,18.774582536719308
Regresión Múltiple (OLS),2026-04-03,48.0,0.0
Regresión Múltiple (OLS),2026-04-04,138.0,231.84890295864275
Regresión Múltiple (OLS),2026-04-05,68.0,48.79897021750536
Regresión Múltiple (OLS),2026-04-06,285.0,305.377556200066
Regresión Múltiple (OLS),2026-04-07,297.0,295.78383402871486
Regresión Múltiple (OLS),2026-04-08,317.0,293.44376884067253
Regresión Múltiple (OLS),2026-04-09,269.0,289.5138649795285
Regresión Múltiple (OLS),2026-04-10,345.0,243.5293098255328
Regresión Múltiple (OLS),2026-04-11,219.0,217.40468310459812
Regresión Múltiple (OLS),2026-04-12,51.0,50.2526042405121
Regresión Múltiple (OLS),2026-04-13,361.0,299.02613105451053
Regresión Múltiple (OLS),2026-04-14,304.0,292.6109836403723
Regresión Múltiple (OLS),2026-04-15,317.0,303.09693325337923
Regresión Múltiple (OLS),2026-04-16,331.0,294.7616848034022
Regresión Múltiple (OLS),2026-04-17,318.0,258.1202749254273
Regresión Múltiple (OLS),2026-04-18,269.0,223.87855359183095
Regresión Múltiple (OLS),2026-04-19,75.0,59.035104659537026
Regresión Múltiple (OLS),2026-04-20,260.0,313.0496889483828
Regresión Múltiple (OLS),2026-04-21,308.0,299.7196720914592
Regresión Múltiple (OLS),2026-04-22,293.0,301.7559936819024
Regresión Múltiple (OLS),2026-04-23,311.0,300.39263551442946
Regresión Múltiple (OLS),2026-04-24,341.0,264.5963175564391
Regresión Múltiple (OLS),2026-04-25,229.0,232.71879053361107
Regresión Múltiple (OLS),2026-04-26,47.0,71.83602074150143
Regresión Múltiple (OLS),2026-04-27,349.0,339.9060911079563
Regresión Múltiple (OLS),2026-04-28,350.0,361.9226404205348
Regresión Múltiple (OLS),2026-04-29,306.0,362.34692114154205
Regresión Múltiple (OLS),2026-04-30,344.0,346.80962843555835
Regresión Múltiple (OLS),2026-05-01,32.0,0.0
Regresión Múltiple (OLS),2026-05-02,215.0,196.9225592727975
Regresión Múltiple (OLS),2026-05-03,33.0,28.29724803114813
Regresión Múltiple (OLS),2026-05-04,337.0,329.3273581436614
Regresión Múltiple (OLS),2026-05-05,319.0,303.26899888142657
Regresión Múltiple (OLS),2026-05-06,281.0,317.9955059057197
Regresión Múltiple (OLS),2026-05-07,343.0,330.6623560414182
Regresión Múltiple (OLS),2026-05-08,325.0,272.4046802552596
Regresión Múltiple (OLS),2026-05-09,236.0,237.4370722205748
Regresión Múltiple (OLS),2026-05-10,27.0,55.08780858370032
Regresión Múltiple (OLS),2026-05-11,318.0,334.2948741291102
Regresión Múltiple (OLS),2026-05-12,308.0,303.9252563044655
Regresión Múltiple (OLS),2026-05-13,373.0,311.2141957093725
Regresión Múltiple (OLS),2026-05-14,309.0,334.81760117127925
Regresión Múltiple (OLS),2026-05-15,285.0,269.077386079705
Regresión Múltiple (OLS),2026-05-16,240.0,238.0027465813417
Regresión Múltiple (OLS),2026-05-17,9.0,53.792988558039376
Regresión Múltiple (OLS),2026-05-18,42.0,65.73701702248802
Regresión Múltiple (OLS),2026-05-19,249.0,305.4151326893926
Regresión Múltiple (OLS),2026-05-20,328.0,317.14772870852744
Regresión Múltiple (OLS),2026-05-21,323.0,333.5049911281284
Regresión Múltiple (OLS),2026-05-22,344.0,267.06460812726493
Regresión Múltiple (OLS),2026-05-23,305.0,237.08402015862418
Regresión Múltiple (OLS),2026-05-24,29.0,48.91606657841303
Regresión Múltiple (OLS),2026-05-25,330.0,314.3958925514105
Regresión Múltiple (OLS),2026-05-26,362.0,304.4430584176229
Regresión Múltiple (OLS),2026-05-27,245.0,328.9790186439468
Regresión Múltiple (OLS),2026-05-28,258.0,343.94619855299163
Regresión Múltiple (OLS),2026-05-29,272.0,320.7589509173555
Regresión Múltiple (OLS),2026-05-30,328.0,301.17839102650635
Regresión Múltiple (OLS),2026-05-31,49.0,103.41152544004201
Regresión Múltiple (OLS),2026-06-01,236.0,286.63073001551015
Regresión Múltiple (OLS),2026-06-02,302.0,277.57872226401753
Regresión Múltiple (OLS),2026-06-03,273.0,288.76307494886237
Regresión Múltiple (OLS),2026-06-04,310.0,331.1758504685081
Regresión Múltiple (OLS),2026-06-05,265.0,293.8316352770669
Regresión Múltiple (OLS),2026-06-06,231.0,258.5907519059741
Regresión Múltiple (OLS),2026-06-07,27.0,48.08592641336154
Regresión Múltiple (OLS),2026-06-08,42.0,38.39911708644071
Regresión Múltiple (OLS),2026-06-09,283.0,302.6943268501857
Regresión Múltiple (OLS),2026-06-10,278.0,317.6539219167523
Regresión Múltiple (OLS),2026-06-11,335.0,326.2447341133168
Regresión Múltiple (OLS),2026-06-12,247.0,285.6393652182928
Regresión Múltiple (OLS),2026-06-13,286.0,256.63140026198926
Regresión Múltiple (OLS),2026-06-14,19.0,48.90731668815972
Regresión Múltiple (OLS),2026-06-15,35.0,7.5649934728243835
Regresión Múltiple (OLS),2026-06-16,296.0,299.2915750441615
Regresión Múltiple (OLS),2026-06-17,293.0,309.9229830620153
Regresión Múltiple (OLS),2026-06-18,329.0,331.08888836136646
Regresión Múltiple (OLS),2026-06-19,268.0,286.13117575453896
Regresión Múltiple (OLS),2026-06-20,295.0,265.3881904548641
Regresión Múltiple (OLS),2026-06-21,54.0,52.51795843982078
Regresión Múltiple (OLS),2026-06-22,305.0,281.70332248471414
Regresión Múltiple (OLS),2026-06-23,352.0,309.49608452486734
Regresión Múltiple (OLS),2026-06-24,315.0,308.3947166430788
Regresión Múltiple (OLS),2026-06-25,374.0,332.86765963231886
Regresión Múltiple (OLS),2026-06-26,262.0,279.7882046428829
Regresión Múltiple (OLS),2026-06-27,276.0,268.3330676890101
Regresión Múltiple (OLS),2026-06-28,33.0,108.09122804013737
Regresión Múltiple (OLS),2026-06-29,32.0,67.08983198832503
Regresión Múltiple (OLS),2026-06-30,309.0,361.35362598945846
Árbol de Decisión,2026-03-25,233.0,438.375
Árbol de Decisión,2026-03-26,355.0,438.375
Árbol de Decisión,2026-03-27,279.0,438.375
Árbol de Decisión,2026-03-28,235.0,263.43609022556393
Árbol de Decisión,2026-03-29,132.0,45.888888888888886
Árbol de Decisión,2026-03-30,410.0,316.84615384615387
Árbol de Decisión,2026-03-31,366.0,292.98823529411766
Árbol de Decisión,2026-04-01,225.0,292.43971631205676
Árbol de Decisión,2026-04-02,1.0,28.11111111111111
Árbol de Decisión,2026-04-03,48.0,28.11111111111111
Árbol de Decisión,2026-04-04,138.0,250.2
Árbol de Decisión,2026-04-05,68.0,50.61538461538461
Árbol de Decisión,2026-04-06,285.0,292.43971631205676
Árbol de Decisión,2026-04-07,297.0,292.43971631205676
Árbol de Decisión,2026-04-08,317.0,291.9513888888889
Árbol de Decisión,2026-04-09,269.0,291.9513888888889
Árbol de Decisión,2026-04-10,345.0,248.72368421052633
Árbol de Decisión,2026-04-11,219.0,248.72368421052633
Árbol de Decisión,2026-04-12,51.0,64.0
Árbol de Decisión,2026-04-13,361.0,291.9513888888889
Árbol de Decisión,2026-04-14,304.0,291.9513888888889
Árbol de Decisión,2026-04-15,317.0,293.6842105263158
Árbol de Decisión,2026-04-16,331.0,293.6842105263158
Árbol de Decisión,2026-04-17,318.0,249.57692307692307
Árbol de Decisión,2026-04-18,269.0,249.57692307692307
Árbol de Decisión,2026-04-19,75.0,62.916666666666664
Árbol de Decisión,2026-04-20,260.0,292.5135135135135
Árbol de Decisión,2026-04-21,308.0,292.5135135135135
Árbol de Decisión,2026-04-22,293.0,292.4
Árbol de Decisión,2026-04-23,311.0,296.57142857142856
Árbol de Decisión,2026-04-24,341.0,250.675
Árbol de Decisión,2026-04-25,229.0,250.675
Árbol de Decisión,2026-04-26,47.0,37.375
Árbol de Decisión,2026-04-27,349.0,296.57142857142856
Árbol de Decisión,2026-04-28,350.0,296.57142857142856
Árbol de Decisión,2026-04-29,306.0,364.92857142857144
Árbol de Decisión,2026-04-30,344.0,364.92857142857144
Árbol de Decisión,2026-05-01,32.0,18.363636363636363
Árbol de Decisión,2026-05-02,215.0,251.5121951219512
Árbol de Decisión,2026-05-03,33.0,57.333333333333336
Árbol de Decisión,2026-05-04,337.0,292.4039735099338
Árbol de Decisión,2026-05-05,319.0,292.4039735099338
Árbol de Decisión,2026-05-06,281.0,292.8692810457516
Árbol de Decisión,2026-05-07,343.0,292.8692810457516
Árbol de Decisión,2026-05-08,325.0,302.4
Árbol de Decisión,2026-05-09,236.0,251.0722891566265
Árbol de Decisión,2026-05-10,27.0,57.875
Árbol de Decisión,2026-05-11,318.0,302.4
Árbol de Decisión,2026-05-12,308.0,292.8692810457516
Árbol de Decisión,2026-05-13,373.0,293.21153846153845
Árbol de Decisión,2026-05-14,309.0,303.81481481481484
Árbol de Decisión,2026-05-15,285.0,250.89285714285714
Árbol de Decisión,2026-05-16,240.0,250.89285714285714
Árbol de Decisión,2026-05-17,9.0,35.0
Árbol de Decisión,2026-05-18,42.0,28.9
Árbol de Decisión,2026-05-19,249.0,293.21153846153845
Árbol de Decisión,2026-05-20,328.0,293.4367088607595
Árbol de Decisión,2026-05-21,323.0,293.4367088607595
Árbol de Decisión,2026-05-22,344.0,304.0
Árbol de Decisión,2026-05-23,305.0,251.1627906976744
Árbol de Decisión,2026-05-24,29.0,41.125
Árbol de Decisión,2026-05-25,330.0,304.0
Árbol de Decisión,2026-05-26,362.0,304.0
Árbol de Decisión,2026-05-27,245.0,293.8375
Árbol de Decisión,2026-05-28,258.0,308.0
Árbol de Decisión,2026-05-29,272.0,251.7816091954023
Árbol de Decisión,2026-05-30,328.0,251.7816091954023
Árbol de Decisión,2026-05-31,49.0,70.0
Árbol de Decisión,2026-06-01,236.0,308.0
Árbol de Decisión,2026-06-02,302.0,293.8375
Árbol de Decisión,2026-06-03,273.0,293.58641975308643
Árbol de Decisión,2026-06-04,310.0,304.3030303030303
Árbol de Decisión,2026-06-05,265.0,252.86516853932585
Árbol de Decisión,2026-06-06,231.0,252.86516853932585
Árbol de Decisión,2026-06-07,27.0,25.0
Árbol de Decisión,2026-06-08,42.0,30.09090909090909
Árbol de Decisión,2026-06-09,283.0,293.58641975308643
Árbol de Decisión,2026-06-10,278.0,304.47058823529414
Árbol de Decisión,2026-06-11,335.0,293.3963414634146
Árbol de Decisión,2026-06-12,247.0,252.75824175824175
Árbol de Decisión,2026-06-13,286.0,252.75824175824175
Árbol de Decisión,2026-06-14,19.0,14.88888888888889
Árbol de Decisión,2026-06-15,35.0,34.5
Árbol de Decisión,2026-06-16,296.0,293.3963414634146
Árbol de Decisión,2026-06-17,293.0,293.66265060240966
Árbol de Decisión,2026-06-18,329.0,293.66265060240966
Árbol de Decisión,2026-06-19,268.0,303.7142857142857
Árbol de Decisión,2026-06-20,295.0,253.05376344086022
Árbol de Decisión,2026-06-21,54.0,43.888888888888886
Árbol de Decisión,2026-06-22,305.0,303.7142857142857
Árbol de Decisión,2026-06-23,352.0,303.7142857142857
Árbol de Decisión,2026-06-24,315.0,293.8690476190476
Árbol de Decisión,2026-06-25,374.0,293.8690476190476
Árbol de Decisión,2026-06-26,262.0,253.5
Árbol de Decisión,2026-06-27,276.0,253.5
Árbol de Decisión,2026-06-28,33.0,32.375
Árbol de Decisión,2026-06-29,32.0,38.875
Árbol de Decisión,2026-06-30,309.0,359.9375
Random Forest,2026-03-25,233.0,339.3973334788992
Random Forest,2026-03-26,355.0,333.420627249943
Random Forest,2026-03-27,279.0,317.4915270562771
Random Forest,2026-03-28,235.0,270.31249825637315
Random Forest,2026-03-29,132.0,93.35321139971134
Random Forest,2026-03-30,410.0,317.75503492585847
Random Forest,2026-03-31,366.0,347.1816453083953
Random Forest,2026-04-01,225.0,339.7810906441052
Random Forest,2026-04-02,1.0,23.568107549857537
Random Forest,2026-04-03,48.0,22.91083037333037
Random Forest,2026-04-04,138.0,236.9873339683865
Random Forest,2026-04-05,68.0,44.679694851444864
Random Forest,2026-04-06,285.0,285.4399529294326
Random Forest,2026-04-07,297.0,300.55095276519506
Random Forest,2026-04-08,317.0,291.2693142536474
Random Forest,2026-04-09,269.0,290.41061511944855
Random Forest,2026-04-10,345.0,250.17775812593928
Random Forest,2026-04-11,219.0,204.64574083893774
Random Forest,2026-04-12,51.0,48.01297178747178
Random Forest,2026-04-13,361.0,290.4251104850358
Random Forest,2026-04-14,304.0,309.3046498567917
Random Forest,2026-04-15,317.0,321.2025500540524
Random Forest,2026-04-16,331.0,307.0641324554256
Random Forest,2026-04-17,318.0,288.0166143250361
Random Forest,2026-04-18,269.0,213.53864442216238
Random Forest,2026-04-19,75.0,28.67574939874939
Random Forest,2026-04-20,260.0,283.10638812854177
Random Forest,2026-04-21,308.0,306.249235981712
Random Forest,2026-04-22,293.0,312.0755560403232
Random Forest,2026-04-23,311.0,315.3345391075882
Random Forest,2026-04-24,341.0,287.12584189314305
Random Forest,2026-04-25,229.0,244.98834893708317
Random Forest,2026-04-26,47.0,43.75751791726792
Random Forest,2026-04-27,349.0,320.7839423519318
Random Forest,2026-04-28,350.0,346.50391485257666
Random Forest,2026-04-29,306.0,354.6471474201181
Random Forest,2026-04-30,344.0,333.02409913234897
Random Forest,2026-05-01,32.0,28.925029461279458
Random Forest,2026-05-02,215.0,229.94999350899351
Random Forest,2026-05-03,33.0,44.68957708032707
Random Forest,2026-05-04,337.0,292.9892101085862
Random Forest,2026-05-05,319.0,307.30141466338483
Random Forest,2026-05-06,281.0,306.62341332825315
Random Forest,2026-05-07,343.0,302.46218316565773
Random Forest,2026-05-08,325.0,338.4966460299144
Random Forest,2026-05-09,236.0,208.749699062391
Random Forest,2026-05-10,27.0,44.85309250934247
Random Forest,2026-05-11,318.0,340.5497374022496
Random Forest,2026-05-12,308.0,317.86932084603814
Random Forest,2026-05-13,373.0,304.914365210215
Random Forest,2026-05-14,309.0,335.4639546183703
Random Forest,2026-05-15,285.0,293.28696909034574
Random Forest,2026-05-16,240.0,216.16183630164647
Random Forest,2026-05-17,9.0,39.65134355459358
Random Forest,2026-05-18,42.0,23.709195619195626
Random Forest,2026-05-19,249.0,327.332726142165
Random Forest,2026-05-20,328.0,301.48751220162654
Random Forest,2026-05-21,323.0,305.4674534244228
Random Forest,2026-05-22,344.0,314.9678813905995
Random Forest,2026-05-23,305.0,228.14683488512804
Random Forest,2026-05-24,29.0,30.85886748436748
Random Forest,2026-05-25,330.0,339.4100264511322
Random Forest,2026-05-26,362.0,337.7660593997047
Random Forest,2026-05-27,245.0,317.2735361171571
Random Forest,2026-05-28,258.0,337.5854563683366
Random Forest,2026-05-29,272.0,311.14740608465604
Random Forest,2026-05-30,328.0,254.35841019832878
Random Forest,2026-05-31,49.0,106.26879574129573
Random Forest,2026-06-01,236.0,299.4104722724318
Random Forest,2026-06-02,302.0,296.5720312192274
Random Forest,2026-06-03,273.0,292.5765683661349
Random Forest,2026-06-04,310.0,313.76310281250187
Random Forest,2026-06-05,265.0,307.04276622654237
Random Forest,2026-06-06,231.0,264.7227549013934
Random Forest,2026-06-07,27.0,31.921563350592763
Random Forest,2026-06-08,42.0,32.9384803067303
Random Forest,2026-06-09,283.0,301.03959143171613
Random Forest,2026-06-10,278.0,305.168544044995
Random Forest,2026-06-11,335.0,286.6663965106856
Random Forest,2026-06-12,247.0,246.61106900130414
Random Forest,2026-06-13,286.0,244.17058466071543
Random Forest,2026-06-14,19.0,30.49737122137122
Random Forest,2026-06-15,35.0,39.37218059445998
Random Forest,2026-06-16,296.0,299.21735655091993
Random Forest,2026-06-17,293.0,297.81787940571417
Random Forest,2026-06-18,329.0,288.9850949971451
Random Forest,2026-06-19,268.0,291.54771044876424
Random Forest,2026-06-20,295.0,260.88183076521995
Random Forest,2026-06-21,54.0,39.87463826641767
Random Forest,2026-06-22,305.0,302.71011931861693
Random Forest,2026-06-23,352.0,307.4088811747082
Random Forest,2026-06-24,315.0,305.4809470665622
Random Forest,2026-06-25,374.0,299.45806665928257
Random Forest,2026-06-26,262.0,266.59491480344275
Random Forest,2026-06-27,276.0,272.19577385542715
Random Forest,2026-06-28,33.0,95.04112169312164
Random Forest,2026-06-29,32.0,53.43580555555556
Random Forest,2026-06-30,309.0,339.618236100243
Gradient Boosting,2026-03-25,233.0,290.114592206761
Gradient Boosting,2026-03-26,355.0,310.8366770417235
Gradient Boosting,2026-03-27,279.0,282.62180673844387
Gradient Boosting,2026-03-28,235.0,240.6367109258386
Gradient Boosting,2026-03-29,132.0,152.01259394699312
Gradient Boosting,2026-03-30,410.0,404.7690691821833
Gradient Boosting,2026-03-31,366.0,387.6280877451693
Gradient Boosting,2026-04-01,225.0,305.5735992387285
Gradient Boosting,2026-04-02,1.0,17.638162642931068
Gradient Boosting,2026-04-03,48.0,10.184125217489203
Gradient Boosting,2026-04-04,138.0,244.29041683680754
Gradient Boosting,2026-04-05,68.0,35.0174285964394
Gradient Boosting,2026-04-06,285.0,303.1506216440753
Gradient Boosting,2026-04-07,297.0,317.92248130387367
Gradient Boosting,2026-04-08,317.0,290.286920367917
Gradient Boosting,2026-04-09,269.0,275.7983323167628
Gradient Boosting,2026-04-10,345.0,284.8866695421764
Gradient Boosting,2026-04-11,219.0,191.93060005743612
Gradient Boosting,2026-04-12,51.0,46.93461435449534
Gradient Boosting,2026-04-13,361.0,276.7836590641163
Gradient Boosting,2026-04-14,304.0,304.67451355239047
Gradient Boosting,2026-04-15,317.0,331.86283884876156
Gradient Boosting,2026-04-16,331.0,317.5609474296213
Gradient Boosting,2026-04-17,318.0,324.3498926055849
Gradient Boosting,2026-04-18,269.0,229.75566202644782
Gradient Boosting,2026-04-19,75.0,59.44223571368021
Gradient Boosting,2026-04-20,260.0,291.2076301153812
Gradient Boosting,2026-04-21,308.0,323.0259936708859
Gradient Boosting,2026-04-22,293.0,329.6066535250129
Gradient Boosting,2026-04-23,311.0,329.27767270473475
Gradient Boosting,2026-04-24,341.0,308.9878930126323
Gradient Boosting,2026-04-25,229.0,238.39772279950694
Gradient Boosting,2026-04-26,47.0,63.117479661188206
Gradient Boosting,2026-04-27,349.0,316.7063856375933
Gradient Boosting,2026-04-28,350.0,345.0357271457809
Gradient Boosting,2026-04-29,306.0,356.07038488741193
Gradient Boosting,2026-04-30,344.0,353.43526249065843
Gradient Boosting,2026-05-01,32.0,42.13278535037375
Gradient Boosting,2026-05-02,215.0,197.77696888751453
Gradient Boosting,2026-05-03,33.0,30.251901209268972
Gradient Boosting,2026-05-04,337.0,316.402931625932
Gradient Boosting,2026-05-05,319.0,359.20574045906375
Gradient Boosting,2026-05-06,281.0,322.95205327020096
Gradient Boosting,2026-05-07,343.0,318.7776421521906
Gradient Boosting,2026-05-08,325.0,354.65547930228763
Gradient Boosting,2026-05-09,236.0,246.39987119396235
Gradient Boosting,2026-05-10,27.0,63.428445316983
Gradient Boosting,2026-05-11,318.0,339.9951988722602
Gradient Boosting,2026-05-12,308.0,348.72570554077066
Gradient Boosting,2026-05-13,373.0,298.49575473746955
Gradient Boosting,2026-05-14,309.0,350.05257394134804
Gradient Boosting,2026-05-15,285.0,320.1923160121176
Gradient Boosting,2026-05-16,240.0,262.6009058893567
Gradient Boosting,2026-05-17,9.0,56.669401256220034
Gradient Boosting,2026-05-18,42.0,49.914797081403314
Gradient Boosting,2026-05-19,249.0,355.3501756466716
Gradient Boosting,2026-05-20,328.0,253.4414241998974
Gradient Boosting,2026-05-21,323.0,264.1181645085114
Gradient Boosting,2026-05-22,344.0,274.01259589491184
Gradient Boosting,2026-05-23,305.0,181.71227878372693
Gradient Boosting,2026-05-24,29.0,0.10886344234822454
Gradient Boosting,2026-05-25,330.0,298.9101429224016
Gradient Boosting,2026-05-26,362.0,310.87761180257417
Gradient Boosting,2026-05-27,245.0,324.5646745732097
Gradient Boosting,2026-05-28,258.0,326.67454535328994
Gradient Boosting,2026-05-29,272.0,349.9176744322378
Gradient Boosting,2026-05-30,328.0,274.17831616113136
Gradient Boosting,2026-05-31,49.0,132.13825807180146
Gradient Boosting,2026-06-01,236.0,282.45708570921886
Gradient Boosting,2026-06-02,302.0,298.9345230402355
Gradient Boosting,2026-06-03,273.0,285.73192413025316
Gradient Boosting,2026-06-04,310.0,304.2913974923468
Gradient Boosting,2026-06-05,265.0,302.04293871921385
Gradient Boosting,2026-06-06,231.0,292.60410232484986
Gradient Boosting,2026-06-07,27.0,15.943725532441901
Gradient Boosting,2026-06-08,42.0,29.395353558697558
Gradient Boosting,2026-06-09,283.0,302.9182730932338
Gradient Boosting,2026-06-10,278.0,310.96019175975937
Gradient Boosting,2026-06-11,335.0,280.49068147367336
Gradient Boosting,2026-06-12,247.0,268.1125857589163
Gradient Boosting,2026-06-13,286.0,230.2136671668736
Gradient Boosting,2026-06-14,19.0,14.931169991924516
Gradient Boosting,2026-06-15,35.0,33.99827625939228
Gradient Boosting,2026-06-16,296.0,307.35377268080435
Gradient Boosting,2026-06-17,293.0,296.60417672481543
Gradient Boosting,2026-06-18,329.0,299.0769460362039
Gradient Boosting,2026-06-19,268.0,301.2975921950314
Gradient Boosting,2026-06-20,295.0,255.70004003259876
Gradient Boosting,2026-06-21,54.0,42.91445119814684
Gradient Boosting,2026-06-22,305.0,341.1030629959798
Gradient Boosting,2026-06-23,352.0,317.0493978879249
Gradient Boosting,2026-06-24,315.0,312.853268350558
Gradient Boosting,2026-06-25,374.0,318.40945632026205
Gradient Boosting,2026-06-26,262.0,290.7556072770526
Gradient Boosting,2026-06-27,276.0,277.9987753794022
Gradient Boosting,2026-06-28,33.0,103.80642376336563
Gradient Boosting,2026-06-29,32.0,96.9391769321086
Gradient Boosting,2026-06-30,309.0,336.6898234005629
XGBoost,2026-03-25,233.0,296.04034423828125
XGBoost,2026-03-26,355.0,297.3946228027344
XGBoost,2026-03-27,279.0,284.3662109375
XGBoost,2026-03-28,235.0,233.65643310546875
XGBoost,2026-03-29,132.0,131.66322326660156
XGBoost,2026-03-30,410.0,362.43756103515625
XGBoost,2026-03-31,366.0,382.9764404296875
XGBoost,2026-04-01,225.0,300.63427734375
XGBoost,2026-04-02,1.0,37.60752487182617
XGBoost,2026-04-03,48.0,35.92823028564453
XGBoost,2026-04-04,138.0,233.15774536132812
XGBoost,2026-04-05,68.0,45.62471389770508
XGBoost,2026-04-06,285.0,297.6209411621094
XGBoost,2026-04-07,297.0,314.1289978027344
XGBoost,2026-04-08,317.0,306.0601806640625
XGBoost,2026-04-09,269.0,280.404296875
XGBoost,2026-04-10,345.0,294.5992126464844
XGBoost,2026-04-11,219.0,193.6259307861328
XGBoost,2026-04-12,51.0,55.43903732299805
XGBoost,2026-04-13,361.0,288.8277282714844
XGBoost,2026-04-14,304.0,325.4585876464844
XGBoost,2026-04-15,317.0,329.83154296875
XGBoost,2026-04-16,331.0,306.67083740234375
XGBoost,2026-04-17,318.0,315.4535827636719
XGBoost,2026-04-18,269.0,218.40155029296875
XGBoost,2026-04-19,75.0,56.702972412109375
XGBoost,2026-04-20,260.0,278.3381042480469
XGBoost,2026-04-21,308.0,330.774169921875
XGBoost,2026-04-22,293.0,326.8690490722656
XGBoost,2026-04-23,311.0,323.5248718261719
XGBoost,2026-04-24,341.0,305.4406433105469
XGBoost,2026-04-25,229.0,247.4651336669922
XGBoost,2026-04-26,47.0,74.16990661621094
XGBoost,2026-04-27,349.0,340.75189208984375
XGBoost,2026-04-28,350.0,358.812255859375
XGBoost,2026-04-29,306.0,366.9398193359375
XGBoost,2026-04-30,344.0,352.69488525390625
XGBoost,2026-05-01,32.0,44.46684646606445
XGBoost,2026-05-02,215.0,197.76820373535156
XGBoost,2026-05-03,33.0,44.46087646484375
XGBoost,2026-05-04,337.0,307.2076416015625
XGBoost,2026-05-05,319.0,323.05694580078125
XGBoost,2026-05-06,281.0,318.7431640625
XGBoost,2026-05-07,343.0,329.7642517089844
XGBoost,2026-05-08,325.0,365.0323181152344
XGBoost,2026-05-09,236.0,221.77784729003906
XGBoost,2026-05-10,27.0,61.91179275512695
XGBoost,2026-05-11,318.0,320.0389099121094
XGBoost,2026-05-12,308.0,308.6999206542969
XGBoost,2026-05-13,373.0,310.5076904296875
XGBoost,2026-05-14,309.0,344.641357421875
XGBoost,2026-05-15,285.0,314.6724853515625
XGBoost,2026-05-16,240.0,221.5934600830078
XGBoost,2026-05-17,9.0,46.41534423828125
XGBoost,2026-05-18,42.0,40.71232604980469
XGBoost,2026-05-19,249.0,351.9225158691406
XGBoost,2026-05-20,328.0,277.91729736328125
XGBoost,2026-05-21,323.0,283.46221923828125
XGBoost,2026-05-22,344.0,301.7249450683594
XGBoost,2026-05-23,305.0,204.08181762695312
XGBoost,2026-05-24,29.0,6.287835121154785
XGBoost,2026-05-25,330.0,314.4884948730469
XGBoost,2026-05-26,362.0,315.6900329589844
XGBoost,2026-05-27,245.0,310.3047790527344
XGBoost,2026-05-28,258.0,324.6405334472656
XGBoost,2026-05-29,272.0,329.7589416503906
XGBoost,2026-05-30,328.0,257.03253173828125
XGBoost,2026-05-31,49.0,119.8366928100586
XGBoost,2026-06-01,236.0,280.5002136230469
XGBoost,2026-06-02,302.0,285.87213134765625
XGBoost,2026-06-03,273.0,277.40447998046875
XGBoost,2026-06-04,310.0,314.5172119140625
XGBoost,2026-06-05,265.0,307.84246826171875
XGBoost,2026-06-06,231.0,258.4281311035156
XGBoost,2026-06-07,27.0,24.8979549407959
XGBoost,2026-06-08,42.0,37.76579666137695
XGBoost,2026-06-09,283.0,286.7821044921875
XGBoost,2026-06-10,278.0,328.76470947265625
XGBoost,2026-06-11,335.0,270.4855041503906
XGBoost,2026-06-12,247.0,261.70965576171875
XGBoost,2026-06-13,286.0,229.03091430664062
XGBoost,2026-06-14,19.0,11.56039047241211
XGBoost,2026-06-15,35.0,35.83077621459961
XGBoost,2026-06-16,296.0,308.312255859375
XGBoost,2026-06-17,293.0,296.70159912109375
XGBoost,2026-06-18,329.0,278.5722961425781
XGBoost,2026-06-19,268.0,281.056884765625
XGBoost,2026-06-20,295.0,253.8583526611328
XGBoost,2026-06-21,54.0,36.666717529296875
XGBoost,2026-06-22,305.0,306.73529052734375
XGBoost,2026-06-23,352.0,322.3698425292969
XGBoost,2026-06-24,315.0,309.7559814453125
XGBoost,2026-06-25,374.0,312.01165771484375
XGBoost,2026-06-26,262.0,273.9927673339844
XGBoost,2026-06-27,276.0,265.6231689453125
XGBoost,2026-06-28,33.0,125.98542022705078
XGBoost,2026-06-29,32.0,87.84546661376953
XGBoost,2026-06-30,309.0,331.2336120605469
"ARIMA (2,1,2)",2026-03-25,233.0,264.56892234830605
"ARIMA (2,1,2)",2026-03-26,355.0,236.1769372635173
"ARIMA (2,1,2)",2026-03-27,279.0,250.14508809032682
"ARIMA (2,1,2)",2026-03-28,235.0,239.15421560564312
"ARIMA (2,1,2)",2026-03-29,132.0,246.74266459465844
"ARIMA (2,1,2)",2026-03-30,410.0,241.33287769339697
"ARIMA (2,1,2)",2026-03-31,366.0,245.1582469187487
"ARIMA (2,1,2)",2026-04-01,225.0,235.8425534717833
"ARIMA (2,1,2)",2026-04-02,1.0,264.0096638583361
"ARIMA (2,1,2)",2026-04-03,48.0,232.7751797382076
"ARIMA (2,1,2)",2026-04-04,138.0,252.82833503075074
"ARIMA (2,1,2)",2026-04-05,68.0,238.30294267295602
"ARIMA (2,1,2)",2026-04-06,285.0,248.50153246413169
"ARIMA (2,1,2)",2026-04-07,297.0,241.28493986253895
"ARIMA (2,1,2)",2026-04-08,317.0,251.8924351564316
"ARIMA (2,1,2)",2026-04-09,269.0,245.255207635045
"ARIMA (2,1,2)",2026-04-10,345.0,242.67721154013404
"ARIMA (2,1,2)",2026-04-11,219.0,243.13098984563555
"ARIMA (2,1,2)",2026-04-12,51.0,242.55022988147837
"ARIMA (2,1,2)",2026-04-13,361.0,242.9130387600568
"ARIMA (2,1,2)",2026-04-14,304.0,242.6466401955775
"ARIMA (2,1,2)",2026-04-15,317.0,236.21747200299632
"ARIMA (2,1,2)",2026-04-16,331.0,254.58589408362607
"ARIMA (2,1,2)",2026-04-17,318.0,236.20447705452284
"ARIMA (2,1,2)",2026-04-18,269.0,248.22891555281396
"ARIMA (2,1,2)",2026-04-19,75.0,239.54319595856794
"ARIMA (2,1,2)",2026-04-20,260.0,245.65583874328064
"ARIMA (2,1,2)",2026-04-21,308.0,241.32524464780883
"ARIMA (2,1,2)",2026-04-22,293.0,248.52189126392977
"ARIMA (2,1,2)",2026-04-23,311.0,249.25632137062433
"ARIMA (2,1,2)",2026-04-24,341.0,241.1733138373669
"ARIMA (2,1,2)",2026-04-25,229.0,245.53167514724998
"ARIMA (2,1,2)",2026-04-26,47.0,242.18705400249823
"ARIMA (2,1,2)",2026-04-27,349.0,244.51506646769283
"ARIMA (2,1,2)",2026-04-28,350.0,242.85442228229016
"ARIMA (2,1,2)",2026-04-29,306.0,247.88518483596707
"ARIMA (2,1,2)",2026-04-30,344.0,255.23959434375746
"ARIMA (2,1,2)",2026-05-01,32.0,238.58978818575827
"ARIMA (2,1,2)",2026-05-02,215.0,248.3104251033643
"ARIMA (2,1,2)",2026-05-03,33.0,241.0910002365402
"ARIMA (2,1,2)",2026-05-04,337.0,246.12223035667472
"ARIMA (2,1,2)",2026-05-05,319.0,242.56033001355212
"ARIMA (2,1,2)",2026-05-06,281.0,214.3089556148988
"ARIMA (2,1,2)",2026-05-07,343.0,269.5069554498407
"ARIMA (2,1,2)",2026-05-08,325.0,225.77556202683866
"ARIMA (2,1,2)",2026-05-09,236.0,256.8701484366017
"ARIMA (2,1,2)",2026-05-10,27.0,234.18673747161532
"ARIMA (2,1,2)",2026-05-11,318.0,250.63085550681927
"ARIMA (2,1,2)",2026-05-12,308.0,238.69171098693243
"ARIMA (2,1,2)",2026-05-13,373.0,245.452482862751
"ARIMA (2,1,2)",2026-05-14,309.0,251.46270606877354
"ARIMA (2,1,2)",2026-05-15,285.0,240.10285459205176
"ARIMA (2,1,2)",2026-05-16,240.0,247.1938199950425
"ARIMA (2,1,2)",2026-05-17,9.0,241.79252904059615
"ARIMA (2,1,2)",2026-05-18,42.0,245.70659449252256
"ARIMA (2,1,2)",2026-05-19,249.0,242.8365740945878
"ARIMA (2,1,2)",2026-05-20,328.0,255.5912607461637
"ARIMA (2,1,2)",2026-05-21,323.0,237.71356654904025
"ARIMA (2,1,2)",2026-05-22,344.0,248.50763016507747
"ARIMA (2,1,2)",2026-05-23,305.0,240.11766233111905
"ARIMA (2,1,2)",2026-05-24,29.0,246.22100150069596
"ARIMA (2,1,2)",2026-05-25,330.0,241.7086220913544
"ARIMA (2,1,2)",2026-05-26,362.0,245.03133474165165
"ARIMA (2,1,2)",2026-05-27,245.0,241.10757043287782
"ARIMA (2,1,2)",2026-05-28,258.0,261.31126963344514
"ARIMA (2,1,2)",2026-05-29,272.0,234.4069040194434
"ARIMA (2,1,2)",2026-05-30,328.0,251.99010442139038
"ARIMA (2,1,2)",2026-05-31,49.0,238.72326938003297
"ARIMA (2,1,2)",2026-06-01,236.0,248.38128346129005
"ARIMA (2,1,2)",2026-06-02,302.0,241.2899603280216
"ARIMA (2,1,2)",2026-06-03,273.0,240.007653897669
"ARIMA (2,1,2)",2026-06-04,310.0,253.95319813966086
"ARIMA (2,1,2)",2026-06-05,265.0,238.21883503082842
"ARIMA (2,1,2)",2026-06-06,231.0,248.86259719849306
"ARIMA (2,1,2)",2026-06-07,27.0,240.8626003655889
"ARIMA (2,1,2)",2026-06-08,42.0,246.7254047536656
"ARIMA (2,1,2)",2026-06-09,283.0,242.403491419009
"ARIMA (2,1,2)",2026-06-10,278.0,262.64208574193157
"ARIMA (2,1,2)",2026-06-11,335.0,238.13275342290115
"ARIMA (2,1,2)",2026-06-12,247.0,249.22688985043703
"ARIMA (2,1,2)",2026-06-13,286.0,239.88539004348542
"ARIMA (2,1,2)",2026-06-14,19.0,246.52873953041973
"ARIMA (2,1,2)",2026-06-15,35.0,241.6182679528492
"ARIMA (2,1,2)",2026-06-16,296.0,245.2143800093859
"ARIMA (2,1,2)",2026-06-17,293.0,247.3406536871649
"ARIMA (2,1,2)",2026-06-18,329.0,247.73320054453748
"ARIMA (2,1,2)",2026-06-19,268.0,241.26804118453882
"ARIMA (2,1,2)",2026-06-20,295.0,244.92982115976275
"ARIMA (2,1,2)",2026-06-21,54.0,242.05451232682242
"ARIMA (2,1,2)",2026-06-22,305.0,244.1306637203243
"ARIMA (2,1,2)",2026-06-23,352.0,242.6018670729472
"ARIMA (2,1,2)",2026-06-24,315.0,240.0151323765009
"ARIMA (2,1,2)",2026-06-25,374.0,259.625320255518
"ARIMA (2,1,2)",2026-06-26,262.0,234.08680617446328
"ARIMA (2,1,2)",2026-06-27,276.0,251.11818453571195
"ARIMA (2,1,2)",2026-06-28,33.0,238.15821553576043
"ARIMA (2,1,2)",2026-06-29,32.0,247.71125578912225
"ARIMA (2,1,2)",2026-06-30,309.0,240.61735706042634
"SARIMA (1,0,1)(1,1,1)7",2026-03-25,233.0,280.4993783936808
"SARIMA (1,0,1)(1,1,1)7",2026-03-26,355.0,254.95736229132925
"SARIMA (1,0,1)(1,1,1)7",2026-03-27,279.0,275.48749343180293
"SARIMA (1,0,1)(1,1,1)7",2026-03-28,235.0,237.92949376207102
"SARIMA (1,0,1)(1,1,1)7",2026-03-29,132.0,37.83572552470193
"SARIMA (1,0,1)(1,1,1)7",2026-03-30,410.0,237.87985065305932
"SARIMA (1,0,1)(1,1,1)7",2026-03-31,366.0,325.79392877695653
"SARIMA (1,0,1)(1,1,1)7",2026-04-01,225.0,349.1729995214297
"SARIMA (1,0,1)(1,1,1)7",2026-04-02,1.0,294.13809319724174
"SARIMA (1,0,1)(1,1,1)7",2026-04-03,48.0,298.24973495167774
"SARIMA (1,0,1)(1,1,1)7",2026-04-04,138.0,251.0775727959583
"SARIMA (1,0,1)(1,1,1)7",2026-04-05,68.0,42.57041289350073
"SARIMA (1,0,1)(1,1,1)7",2026-04-06,285.0,230.19822249997256
"SARIMA (1,0,1)(1,1,1)7",2026-04-07,297.0,324.95717462384175
"SARIMA (1,0,1)(1,1,1)7",2026-04-08,317.0,308.72663005805026
"SARIMA (1,0,1)(1,1,1)7",2026-04-09,269.0,281.75568787067107
"SARIMA (1,0,1)(1,1,1)7",2026-04-10,345.0,287.2594508477895
"SARIMA (1,0,1)(1,1,1)7",2026-04-11,219.0,247.24480712253245
"SARIMA (1,0,1)(1,1,1)7",2026-04-12,51.0,42.58526142272143
"SARIMA (1,0,1)(1,1,1)7",2026-04-13,361.0,237.27070387018446
"SARIMA (1,0,1)(1,1,1)7",2026-04-14,304.0,325.0471858998256
"SARIMA (1,0,1)(1,1,1)7",2026-04-15,317.0,308.7288171983598
"SARIMA (1,0,1)(1,1,1)7",2026-04-16,331.0,268.8206544082099
"SARIMA (1,0,1)(1,1,1)7",2026-04-17,318.0,275.1481178891713
"SARIMA (1,0,1)(1,1,1)7",2026-04-18,269.0,241.37156840439724
"SARIMA (1,0,1)(1,1,1)7",2026-04-19,75.0,44.757311439525786
"SARIMA (1,0,1)(1,1,1)7",2026-04-20,260.0,238.4320042403338
"SARIMA (1,0,1)(1,1,1)7",2026-04-21,308.0,324.5906684320894
"SARIMA (1,0,1)(1,1,1)7",2026-04-22,293.0,306.0836234195198
"SARIMA (1,0,1)(1,1,1)7",2026-04-23,311.0,266.36257803535375
"SARIMA (1,0,1)(1,1,1)7",2026-04-24,341.0,277.2000462272854
"SARIMA (1,0,1)(1,1,1)7",2026-04-25,229.0,239.58658135414294
"SARIMA (1,0,1)(1,1,1)7",2026-04-26,47.0,44.240953576103394
"SARIMA (1,0,1)(1,1,1)7",2026-04-27,349.0,244.4352951762233
"SARIMA (1,0,1)(1,1,1)7",2026-04-28,350.0,323.48857419841653
"SARIMA (1,0,1)(1,1,1)7",2026-04-29,306.0,328.06459172093776
"SARIMA (1,0,1)(1,1,1)7",2026-04-30,344.0,280.65800674541043
"SARIMA (1,0,1)(1,1,1)7",2026-05-01,32.0,286.0404321971921
"SARIMA (1,0,1)(1,1,1)7",2026-05-02,215.0,243.25115245763885
"SARIMA (1,0,1)(1,1,1)7",2026-05-03,33.0,48.4376626903824
"SARIMA (1,0,1)(1,1,1)7",2026-05-04,337.0,246.11388830679442
"SARIMA (1,0,1)(1,1,1)7",2026-05-05,319.0,323.5139972021801
"SARIMA (1,0,1)(1,1,1)7",2026-05-06,281.0,315.3756832091769
"SARIMA (1,0,1)(1,1,1)7",2026-05-07,343.0,274.82631057783294
"SARIMA (1,0,1)(1,1,1)7",2026-05-08,325.0,285.9915585220615
"SARIMA (1,0,1)(1,1,1)7",2026-05-09,236.0,244.28209564130904
"SARIMA (1,0,1)(1,1,1)7",2026-05-10,27.0,45.77868789914564
"SARIMA (1,0,1)(1,1,1)7",2026-05-11,318.0,246.33818387683766
"SARIMA (1,0,1)(1,1,1)7",2026-05-12,308.0,322.9418083835429
"SARIMA (1,0,1)(1,1,1)7",2026-05-13,373.0,308.743420016212
"SARIMA (1,0,1)(1,1,1)7",2026-05-14,309.0,274.59057179883456
"SARIMA (1,0,1)(1,1,1)7",2026-05-15,285.0,272.4984157097162
"SARIMA (1,0,1)(1,1,1)7",2026-05-16,240.0,240.3483580245035
"SARIMA (1,0,1)(1,1,1)7",2026-05-17,9.0,45.649645861388834
"SARIMA (1,0,1)(1,1,1)7",2026-05-18,42.0,251.65256775441927
"SARIMA (1,0,1)(1,1,1)7",2026-05-19,249.0,323.62118798980435
"SARIMA (1,0,1)(1,1,1)7",2026-05-20,328.0,268.5279431636238
"SARIMA (1,0,1)(1,1,1)7",2026-05-21,323.0,254.36528536242858
"SARIMA (1,0,1)(1,1,1)7",2026-05-22,344.0,261.88093717980655
"SARIMA (1,0,1)(1,1,1)7",2026-05-23,305.0,237.95852462514907
"SARIMA (1,0,1)(1,1,1)7",2026-05-24,29.0,40.76289747346607
"SARIMA (1,0,1)(1,1,1)7",2026-05-25,330.0,252.2682296039658
"SARIMA (1,0,1)(1,1,1)7",2026-05-26,362.0,321.664350077535
"SARIMA (1,0,1)(1,1,1)7",2026-05-27,245.0,330.75119416376214
"SARIMA (1,0,1)(1,1,1)7",2026-05-28,258.0,286.7639011382988
"SARIMA (1,0,1)(1,1,1)7",2026-05-29,272.0,277.85414055106537
"SARIMA (1,0,1)(1,1,1)7",2026-05-30,328.0,245.2127347745158
"SARIMA (1,0,1)(1,1,1)7",2026-05-31,49.0,44.471383393467235
"SARIMA (1,0,1)(1,1,1)7",2026-06-01,236.0,243.4888484303843
"SARIMA (1,0,1)(1,1,1)7",2026-06-02,302.0,318.8134311052554
"SARIMA (1,0,1)(1,1,1)7",2026-06-03,273.0,307.52228312502314
"SARIMA (1,0,1)(1,1,1)7",2026-06-04,310.0,274.3223938562946
"SARIMA (1,0,1)(1,1,1)7",2026-06-05,265.0,272.47343037432415
"SARIMA (1,0,1)(1,1,1)7",2026-06-06,231.0,243.79553119380049
"SARIMA (1,0,1)(1,1,1)7",2026-06-07,27.0,40.969416230094744
"SARIMA (1,0,1)(1,1,1)7",2026-06-08,42.0,245.23361138612228
"SARIMA (1,0,1)(1,1,1)7",2026-06-09,283.0,319.85373908502834
"SARIMA (1,0,1)(1,1,1)7",2026-06-10,278.0,286.76160789692864
"SARIMA (1,0,1)(1,1,1)7",2026-06-11,335.0,261.6153768770925
"SARIMA (1,0,1)(1,1,1)7",2026-06-12,247.0,266.2691247272434
"SARIMA (1,0,1)(1,1,1)7",2026-06-13,286.0,246.0934862880981
"SARIMA (1,0,1)(1,1,1)7",2026-06-14,19.0,39.837418802272026
"SARIMA (1,0,1)(1,1,1)7",2026-06-15,35.0,248.93384797613476
"SARIMA (1,0,1)(1,1,1)7",2026-06-16,296.0,319.04427954691107
"SARIMA (1,0,1)(1,1,1)7",2026-06-17,293.0,290.46588159114987
"SARIMA (1,0,1)(1,1,1)7",2026-06-18,329.0,265.00772851839474
"SARIMA (1,0,1)(1,1,1)7",2026-06-19,268.0,267.5783645520815
"SARIMA (1,0,1)(1,1,1)7",2026-06-20,295.0,245.72557997172086
"SARIMA (1,0,1)(1,1,1)7",2026-06-21,54.0,39.82730029313079
"SARIMA (1,0,1)(1,1,1)7",2026-06-22,305.0,242.9331134990333
"SARIMA (1,0,1)(1,1,1)7",2026-06-23,352.0,317.84150116811065
"SARIMA (1,0,1)(1,1,1)7",2026-06-24,315.0,326.0980244976361
"SARIMA (1,0,1)(1,1,1)7",2026-06-25,374.0,284.74243401828653
"SARIMA (1,0,1)(1,1,1)7",2026-06-26,262.0,276.7662480695253
"SARIMA (1,0,1)(1,1,1)7",2026-06-27,276.0,251.2126565579968
"SARIMA (1,0,1)(1,1,1)7",2026-06-28,33.0,41.73370841528941
"SARIMA (1,0,1)(1,1,1)7",2026-06-29,32.0,238.02350020054132
"SARIMA (1,0,1)(1,1,1)7",2026-06-30,309.0,317.53430991423556
Prophet,2026-03-25,233.0,323.8315202388119
Prophet,2026-03-26,355.0,304.39070767476767
Prophet,2026-03-27,279.0,289.6767723785954
Prophet,2026-03-28,235.0,260.4646475191622
Prophet,2026-03-29,132.0,44.164094785752596
Prophet,2026-03-30,410.0,293.7741764784097
Prophet,2026-03-31,366.0,335.70480926772996
Prophet,2026-04-01,225.0,339.6072402279801
Prophet,2026-04-02,1.0,72.46650462613907
Prophet,2026-04-03,48.0,55.82279382766774
Prophet,2026-04-04,138.0,275.04068595781695
Prophet,2026-04-05,68.0,57.961920355680796
Prophet,2026-04-06,285.0,308.02660743497876
Prophet,2026-04-07,297.0,346.6454822528051
Prophet,2026-04-08,317.0,317.50570274496926
Prophet,2026-04-09,269.0,299.8791090212362
Prophet,2026-04-10,345.0,282.39218752427263
Prophet,2026-04-11,219.0,248.02271791427466
Prophet,2026-04-12,51.0,34.799114516035466
Prophet,2026-04-13,361.0,281.39218369479704
Prophet,2026-04-14,304.0,317.4402588034757
Prophet,2026-04-15,317.0,311.7199473656163
Prophet,2026-04-16,331.0,293.3518037324398
Prophet,2026-04-17,318.0,277.4210040935233
Prophet,2026-04-18,269.0,241.41938050679684
Prophet,2026-04-19,75.0,28.641982282529884
Prophet,2026-04-20,260.0,278.34929644692465
Prophet,2026-04-21,308.0,313.69363177013634
Prophet,2026-04-22,293.0,309.90223245075873
Prophet,2026-04-23,311.0,292.74920709165417
Prophet,2026-04-24,341.0,278.3187182789526
Prophet,2026-04-25,229.0,243.64508024199176
Prophet,2026-04-26,47.0,32.01012490740252
Prophet,2026-04-27,349.0,282.16976985210994
Prophet,2026-04-28,350.0,320.11963329771066
Prophet,2026-04-29,306.0,320.38185834293637
Prophet,2026-04-30,344.0,305.89343179039406
Prophet,2026-05-01,32.0,34.97156193943681
Prophet,2026-05-02,215.0,258.04595289313335
Prophet,2026-05-03,33.0,46.79023061549982
Prophet,2026-05-04,337.0,300.95971521001763
Prophet,2026-05-05,319.0,338.06981593943493
Prophet,2026-05-06,281.0,329.9728476006686
Prophet,2026-05-07,343.0,316.23134951442233
Prophet,2026-05-08,325.0,302.8029895940737
Prophet,2026-05-09,236.0,266.4289058502634
Prophet,2026-05-10,27.0,54.6751657703968
Prophet,2026-05-11,318.0,309.1675452065108
Prophet,2026-05-12,308.0,344.78172475279
Prophet,2026-05-13,373.0,330.9274089672395
Prophet,2026-05-14,309.0,317.6265512377257
Prophet,2026-05-15,285.0,302.7681563714328
Prophet,2026-05-16,240.0,264.2693061237154
Prophet,2026-05-17,9.0,51.592058536463746
Prophet,2026-05-18,42.0,45.596172878722214
Prophet,2026-05-19,249.0,339.15613947727695
Prophet,2026-05-20,328.0,322.5770278811579
Prophet,2026-05-21,323.0,307.12628768425566
Prophet,2026-05-22,344.0,291.52502174169103
Prophet,2026-05-23,305.0,252.80966983557485
Prophet,2026-05-24,29.0,39.554995975748824
Prophet,2026-05-25,330.0,293.46628929953783
Prophet,2026-05-26,362.0,326.15510339435656
Prophet,2026-05-27,245.0,328.48266636615125
Prophet,2026-05-28,258.0,314.21514782274977
Prophet,2026-05-29,272.0,299.38695917827516
Prophet,2026-05-30,328.0,260.13157052512645
Prophet,2026-05-31,49.0,44.488900736772386
Prophet,2026-06-01,236.0,302.9718066380858
Prophet,2026-06-02,302.0,334.8868458305105
Prophet,2026-06-03,273.0,317.92428699152543
Prophet,2026-06-04,310.0,304.026735154659
Prophet,2026-06-05,265.0,290.13338664000617
Prophet,2026-06-06,231.0,253.2049512590582
Prophet,2026-06-07,27.0,37.584108683558625
Prophet,2026-06-08,42.0,33.62695383859575
Prophet,2026-06-09,283.0,326.7716557718023
Prophet,2026-06-10,278.0,311.2012854369309
Prophet,2026-06-11,335.0,298.11006234364504
Prophet,2026-06-12,247.0,283.6742503689063
Prophet,2026-06-13,286.0,247.08749420426278
Prophet,2026-06-14,19.0,32.64468001057032
Prophet,2026-06-15,35.0,29.516975654351743
Prophet,2026-06-16,296.0,319.6321528055405
Prophet,2026-06-17,293.0,310.0856945128745
Prophet,2026-06-18,329.0,297.9030058764431
Prophet,2026-06-19,268.0,282.36983528403994
Prophet,2026-06-20,295.0,246.85813003429027
Prophet,2026-06-21,54.0,31.068035024082306
Prophet,2026-06-22,305.0,286.42458497319853
Prophet,2026-06-23,352.0,318.98610791455957
Prophet,2026-06-24,315.0,315.24617170811473
Prophet,2026-06-25,374.0,304.2403701969794
Prophet,2026-06-26,262.0,288.16373212436855
Prophet,2026-06-27,276.0,253.77790330336825
Prophet,2026-06-28,33.0,37.473869520908245
Prophet,2026-06-29,32.0,34.57614583165146
Prophet,2026-06-30,309.0,327.1902295978451
